gene_id,DEG_black,l2fc_black,DEG_dark,l2fc_dark,DEG_low,l2fc_low
FGSG_00007,1,-1.09655948653194,0,0.853062291365628,0,0.732769302652156
FGSG_00038,0,-0.235604687376044,0,-0.923049536364775,0,-0.639832457891465
FGSG_00039,0,-0.432609741156341,0,-0.228656421798173,0,-0.150248329530853
FGSG_00040,0,0.0166606570377671,0,0.0045644310825496,0,0.0444704817276214
FGSG_00043,0,-0.38324240417596,1,-1.63619918089732,1,-1.31873461524387
FGSG_00044,0,-0.502588726844301,1,-1.88307301661394,1,-1.41267249233498
FGSG_00045,0,-0.358316273118363,0,-0.492459596287311,0,-0.295680208398166
FGSG_00046,0,-0.563942966863943,0,-0.82560672256268,0,-0.182212587616052
FGSG_00047,0,-0.54932385388656,1,-1.58621148059655,1,-1.17773375555163
FGSG_00048,0,-0.499534699927043,1,-1.89103703630392,1,-1.33231083690575
FGSG_00049,0,-0.438693101043626,1,-1.42790694750258,0,-0.711078882431958
FGSG_00056,0,,0,,0,
FGSG_00060,0,0.0059604838051819,1,3.23189734494769,0,0.33949227575821
FGSG_00061,0,0.0024382322710309,0,0.261293379381147,0,-0.0065643348091527
FGSG_00062,0,0.350709864749872,1,1.62960445449701,0,-0.276080583778307
FGSG_00129,0,-0.0546978487260805,0,-0.101811304155257,0,-0.285252365769769
FGSG_00175,0,-0.421720347942271,0,-0.707628263954152,1,-1.2832687347937
FGSG_00330,0,0.004999796921198,1,-1.3937356234742,1,-1.57357845327853
FGSG_00500,0,-0.212565459126116,0,-0.379354781683893,0,-0.616883798617314
FGSG_00710,0,0.243362480010233,0,0.23582115783393,0,-0.340226201858226
FGSG_00743,0,0.398124998900869,0,-0.685661368160975,0,-0.93174562508633
FGSG_00765,0,0.536357692661924,0,-0.27336773403752,0,-0.64875967673147
FGSG_00797,0,0.633483269262379,1,1.18184253181629,0,0.455796548350336
FGSG_01346,0,-0.213177157787317,1,-1.11382012382367,0,-0.979467343185289
FGSG_01422,0,0.0866934956147416,0,-0.424783670145805,0,-0.583429692807225
FGSG_01621,0,0.572979019547039,0,-0.170263481839423,0,-0.734133538014257
FGSG_01638,0,0.564263764655318,0,0.105657082542901,0,-0.406647180018409
FGSG_01738,0,-0.0228491776782899,0,-0.0412007288357798,0,-0.0539226993110441
FGSG_01743,0,0.402333185533823,0,0.0092857058563088,0,-0.0236274459658396
FGSG_01776,0,,0,,0,
FGSG_01866,0,-0.777699525309307,0,0.756583062779676,0,0.878165598350671
FGSG_01947,0,-0.409469915079023,1,-1.48930965935093,1,-1.41460416994632
FGSG_01956,0,0.0763756640691455,0,0.526448302063346,0,0.33456362863541
FGSG_01981,1,4.26087387217686,0,0.0102639552976388,0,-0.0881136359653977
FGSG_01991,0,-0.29209715385645,0,-0.994530273905556,0,-0.724251918465986
FGSG_02030,0,0.0785907144479877,0,-0.300445219313725,0,-0.439239971894378
FGSG_02077,0,0.0578077209977204,0,0.582810291214355,0,0.754226387294114
FGSG_02206,1,-1.58132816736303,1,-1.39733557638763,1,-2.7826111773111
FGSG_02255,0,-0.245556911155624,0,1.07872821707167,0,1.14951417184582
FGSG_02258,0,-0.201730021027076,0,0.331463459043779,0,0.687949353560438
FGSG_02271,0,0.299706556425385,1,-1.92034046877088,1,-3.76961888879586
FGSG_02272,0,0.526807206945726,1,-1.42629678054371,1,-2.34432118006219
FGSG_02320,0,-0.304772103092138,0,0.606872274108133,0,0.865115192873297
FGSG_02321,0,-0.451309938883789,0,0.879886129022226,0,0.997664818560395
FGSG_02322,0,-0.13384498862686,0,0.605541946505586,0,0.140292579956733
FGSG_02323,0,-0.199354734380119,0,0.528765364059885,0,0.555488015345568
FGSG_02324,1,-1.89875397081068,1,4.01903252273678,1,3.99336472717344
FGSG_02325,1,-2.24249986860313,1,4.04182882542288,1,4.24270180578408
FGSG_02326,1,-2.93899227862523,1,3.48684478569168,1,4.07968583069562
FGSG_02327,1,-3.45203360689389,1,3.82232915651941,1,4.2569785811736
FGSG_02328,1,-4.21924232490605,1,3.94336291970968,1,4.54541358300753
FGSG_02329,1,-4.12118455515395,1,4.03489569690975,1,4.86178197323675
FGSG_02352,0,0.0607447840327509,0,0.231524937454126,0,-0.148963645903378
FGSG_02377,0,0.0063340555198051,0,0.0252344223810662,0,-0.0801980235578773
FGSG_02395,0,,0,,0,
FGSG_02397,0,0.18430222276648,0,0.289803452123519,0,0.201707511301283
FGSG_02398,0,0.108428015685169,0,-0.100466486421314,0,-0.237880488947308
FGSG_02447,0,0.0018925076418742,0,0.0349287179923265,0,-0.0053543189017628
FGSG_02461,0,0.194356770606571,0,-0.432154660337014,0,-0.747566643234854
FGSG_02554,0,0.16846591119689,0,-0.727954666948741,0,-0.517362730831799
FGSG_02770,0,-0.161181870553641,0,-0.323329845373511,0,-0.428783804929151
FGSG_02782,0,0.016568605362248,0,-0.313532533420999,0,-0.654144614208571
FGSG_02799,0,0.181090943190446,0,0.217711378985997,0,0.446650794273144
FGSG_02840,0,-0.209583804034848,1,1.73828725030756,1,1.60845719923975
FGSG_02903,0,-0.212249462003034,1,2.4379482977492,1,2.70869265321782
FGSG_02972,0,0.872029260968261,0,-0.840395487389165,0,-0.563807348255279
FGSG_03019,0,0.347157261180447,0,0.119308633071997,0,0.0827444389909795
FGSG_03061,0,0.574215700700942,1,-1.54177083740946,1,-2.49798277457689
FGSG_03062,0,0.0574246680186862,1,1.6063434507782,1,4.24865472640941
FGSG_03064,1,2.5843654060954,1,4.02642213510951,1,-3.49588300067042
FGSG_03065,1,2.06787680366376,1,3.77167789062201,1,-4.75375638810371
FGSG_03066,1,1.87148924134606,1,3.30317997970765,1,-2.1078605400733
FGSG_03067,1,3.17850648046941,1,4.00198231114542,1,-2.11472295765454
FGSG_03096,0,-0.0890477261539954,0,0.0298134351334152,0,0.0709967528155259
FGSG_03122,0,0.0017968621507052,0,0.0298887265583223,0,-0.0051071791690046
FGSG_03295,0,-0.119779064480893,0,-0.536522018697488,0,-0.842725952046987
FGSG_03334,0,,0,,0,
FGSG_03340,0,0.384070995171517,1,-3.06658981049118,1,-1.96052328426891
FGSG_03381,0,,0,,0,
FGSG_03526,0,0.0207622732741741,0,0.0033139976740161,0,-0.0054942410565101
FGSG_03530,0,-0.0483681180265673,0,-0.0877718337383489,0,-0.0785555840279101
FGSG_03531,0,0.0899982609087151,1,-1.79488679884099,0,-0.462214420415409
FGSG_03532,0,-0.65327985023107,0,0.270366175659136,0,0.397729654509396
FGSG_03533,0,-0.47983894771634,0,0.178417834428875,0,-0.0118410172255898
FGSG_03534,0,-0.708877222626897,0,0.165918718638911,0,-0.0447048433573654
FGSG_03535,0,-0.740294204260621,0,0.171473244616932,0,0.0713733086521329
FGSG_03536,0,-0.525734354828856,0,-0.267340192408217,0,-0.186794608866584
FGSG_03537,0,-0.54056277973676,0,0.122137841519423,0,-0.0430470927740235
FGSG_03538,0,-0.292863457954467,0,-0.474982339524755,0,-0.60335555370575
FGSG_03539,0,-0.652776996751183,0,0.581683559398135,0,0.378522929353459
FGSG_03540,0,-0.75538710267893,0,-0.527123227103922,0,-0.683420354827568
FGSG_03541,0,-0.747213769659086,0,0.751945319715833,0,0.50645673070333
FGSG_03542,0,-0.962799399779735,0,-0.206257998272598,0,-0.579566534888132
FGSG_03543,1,-1.12115192761235,0,0.539226476787501,0,0.677453466159182
FGSG_03544,0,0.462151067484763,0,0.312153066382794,0,-0.697661512083877
FGSG_03546,0,-0.0599829807398606,1,-7.23952191169072,1,-8.31630268780254
FGSG_03547,0,-0.437877654504404,1,-8.07366561464969,1,-8.04576349635917
FGSG_03548,0,-0.0222620013795672,1,-4.16407982852514,1,-4.90146702354295
FGSG_03558,0,-0.347833731759367,0,-0.642453127610229,0,-0.936347969901146
FGSG_03566,0,0.516070773795151,0,0.594532589778957,0,0.759728461929453
FGSG_03574,0,-0.17477616925388,0,0.552036376570293,0,0.91596294461289
FGSG_03581,0,-0.168851044524961,0,-0.2833099620305,0,0.0749384336743912
FGSG_03599,0,-0.044306948511467,1,6.37908726811777,1,5.34400924561992
FGSG_03600,0,-0.624834463856242,1,1.28981610671572,1,1.0477097629927
FGSG_03659,0,-0.47997135936834,0,-0.298687545137588,0,-0.704369651599821
FGSG_03747,1,1.88497878380218,1,-1.76074803271482,1,-1.72997794870813
FGSG_03768,1,3.92829957143635,1,2.17715818318654,0,-0.143393824590881
FGSG_03842,1,-1.02319301554599,1,1.33117054794242,1,1.08226837769408
FGSG_03881,1,-1.2542480508474,0,0.916334651927358,0,0.977762659089294
FGSG_03894,0,0.757081840346378,1,-1.10196296593782,1,-1.56952763302216
FGSG_03929,0,-0.0772536708434843,0,-0.168886801448569,0,-0.204467601004519
FGSG_03992,0,-0.0723995910534501,1,-1.12852889494961,1,-1.37782734714028
FGSG_04077,1,-1.12837803898465,1,-1.26255419373302,0,-0.607279683779178
FGSG_04171,0,0.12832303378084,0,-0.0323935295449925,0,0.0017082224231307
FGSG_04309,0,0.289124316143416,0,-0.0883966853390589,0,-0.748567439861857
FGSG_04458,0,0.175893891169785,1,-2.97621713787538,1,-3.44346544813461
FGSG_04490,0,-0.0689367232774901,1,-1.37520957512931,1,-1.2453497279634
FGSG_04588,0,0.136098938001661,0,-1.01478990474293,1,-4.47709876780698
FGSG_04589,0,0.208325333971386,1,-4.78653430398371,1,-5.09177642702675
FGSG_04590,0,0.127084274591881,1,-3.14848176738928,1,-7.57022963272514
FGSG_04591,0,-0.0193078230250899,1,-6.1924987458242,1,-6.4824480628481
FGSG_04592,0,0.0222449654643306,1,-4.5492547413862,1,-4.00808747225238
FGSG_04593,0,0.448754164865086,1,-4.05387445856194,1,-4.22289976549959
FGSG_04595,0,-0.139910872874267,1,-1.07979197854097,1,-2.02947136380401
FGSG_04596,0,-0.0871307500190237,1,-4.5780152815598,1,-3.95304762896081
FGSG_04763,0,-0.106134282393129,1,-2.79007898989252,1,-2.99390927267327
FGSG_04805,0,-0.930915769929365,0,-0.432827561562302,0,-0.174005859333078
FGSG_04848,0,0.0017773211367007,0,0.0289207787463151,0,-0.0050766800343622
FGSG_04852,0,-0.208974371840749,1,-1.36316426960996,1,-1.02475528517396
FGSG_04991,0,0.562165576325639,0,-0.0594225965460993,0,-0.228946607127104
FGSG_05368,0,0.698815259523617,0,-0.7840695362037,1,-1.22412559845038
FGSG_05372,0,0.414083747100453,0,-0.234847111658108,0,0.169803741228124
FGSG_05373,1,-1.08822808277347,0,0.0033234738266537,0,0.0105877790125069
FGSG_05454,0,-0.0887283389251353,0,-0.17473517853824,0,-0.601195899409405
FGSG_05610,0,0.30955759410649,0,-0.639761257033256,1,-1.04130666032711
FGSG_05733,0,0.491192735314142,0,0.535923419744846,0,0.146483787983089
FGSG_05843,0,-0.242891735733456,0,-0.737182620301356,0,-0.961967132482432
FGSG_05919,0,-0.107307302369004,1,1.92815548859752,1,1.72417459481319
FGSG_05925,0,-0.0044049750194033,0,0.139590821728705,0,0.404333947108568
FGSG_05926,0,-0.173765649333228,1,-1.95834064273002,1,-1.45891509691501
FGSG_06039,0,-0.551168336050245,0,0.236484134433403,0,-0.0211100289201553
FGSG_06055,0,-0.0528580846037685,0,-0.927189649151438,1,-1.08569091492034
FGSG_06130,0,0.0024825439459433,0,-0.277088173171668,0,-0.0068225546978963
FGSG_06257,0,-0.347104431712102,1,-1.30173011735428,1,-1.59516417919696
FGSG_06444,0,-0.393322518836953,1,-1.86149924968428,1,-3.42733954399239
FGSG_06467,0,,0,,0,
FGSG_06506,0,0.0509108212889912,0,-0.339776866001351,1,-1.11134264721924
FGSG_06702,0,-0.248092786600943,0,-0.584796789271931,0,-0.707363708556495
FGSG_06765,1,1.47162710524358,1,2.42446843317003,0,-0.778705731789993
FGSG_07075,0,-0.0109946661367247,0,-0.637500321036748,1,-1.05014630623653
FGSG_07204,0,-0.0366577175144304,0,0.146939543602586,0,0.990395645844318
FGSG_07528,0,-0.0802680315430546,0,-0.669120388629305,1,-1.20368475806589
FGSG_07896,0,-0.826173417187627,0,0.435209672540104,0,0.152426947185106
FGSG_07898,0,-0.280264948538018,0,-0.173496107678836,0,-0.0651941478771483
FGSG_07941,0,0.390657439347409,0,0.27233035515086,0,0.450376582203654
FGSG_07953,0,0.455566507137702,0,0.511199691329997,0,0.113222413795064
FGSG_07970,0,-0.120126100283745,0,-0.224128086986743,0,-0.185511462583249
FGSG_08044,0,-0.352499695545518,0,0.0992845822675665,0,0.284580509642884
FGSG_08077,1,-1.13101404667845,0,0.0230925035783706,0,0.487727946717605
FGSG_08078,1,-1.13268861793216,0,0.268685197851714,0,0.942467381668025
FGSG_08079,1,-1.2155959970539,0,0.14139557849468,0,0.368241033557221
FGSG_08080,1,-1.27845032517471,0,-0.316656687049874,0,0.0030724264624377
FGSG_08081,0,-0.902370421506013,0,0.686234154671651,0,0.600526721498316
FGSG_08082,0,-0.887157308730776,1,1.17552159137658,0,0.892687237906758
FGSG_08083,1,-1.0916786824251,1,1.16200690130884,1,1.23256024638282
FGSG_08084,1,-1.25202123311888,0,0.249075821848315,0,0.470628951081267
FGSG_08205,1,-1.42527178919612,0,0.0229093096754402,0,0.278598119444017
FGSG_08206,0,-0.0135004408238571,0,0.0649114643919123,0,-0.154572018398396
FGSG_08207,1,3.78888027854088,1,4.43792889640779,0,0.385092832400571
FGSG_08208,0,0.0711424122055576,1,2.25850827080395,0,0.364973016089047
FGSG_08209,0,0.0767652215642638,0,0.0331064251253332,0,0.435102673297375
FGSG_08213,1,1.46341903950704,1,1.22468166927814,0,0.21748457184474
FGSG_08399,0,0.317695925685972,0,0.754260228627756,0,0.471274522927028
FGSG_08456,0,0.633462879997138,0,-0.230889066042346,1,-3.52298499205612
FGSG_08493,0,0.790103221357476,0,-0.498888920082791,0,-0.50050332856552
FGSG_08601,0,0.270244891699778,1,-4.79970517694908,1,-4.86883078813333
FGSG_08608,1,1.12280230407611,0,0.591429332659258,0,-0.37238918413797
FGSG_08712,0,0.191953974523195,0,-0.818906205710734,1,-1.12052223861893
FGSG_08774,0,0.309066655540093,0,-0.411751278404071,0,-0.607283549701491
FGSG_08795,0,-0.540088051009394,1,1.24951891852261,1,1.39755355397474
FGSG_08852,0,-0.189856110855587,0,0.449179753898538,1,-1.5338877023741
FGSG_09012,0,0.273655928948232,0,-0.747288275913761,1,-1.03129061640746
FGSG_09064,0,-0.93519548923197,0,0.300775232376315,0,0.513000336735756
FGSG_09070,0,-0.195369937820712,0,-0.203846272132775,0,0.020826879518557
FGSG_09090,0,,0,,0,
FGSG_09127,0,-0.0181022772428927,0,-0.0330720766369034,0,-0.0447116450679053
FGSG_09132,0,,0,,0,
FGSG_09182,0,-0.002713229399978,0,-0.143594886647557,0,-0.0642020723560587
FGSG_09183,0,0.0030949186295625,0,0.103366613720351,0,0.109688303306828
FGSG_09184,0,0.0017401311056738,0,0.0030086905182285,0,0.0438594995733183
FGSG_09186,0,-0.0999687976090227,0,0.0645620954502365,0,-0.0741476151510217
FGSG_09187,0,-0.865625560742236,1,1.19154049582168,1,1.03846376656986
FGSG_09189,0,-0.242138711195886,0,0.203462429427371,0,0.741339415033539
FGSG_09280,0,-0.139243117957614,1,-1.11252369494737,1,-1.23965174750268
FGSG_09372,0,-0.368447792140406,0,0.0090450772721453,0,-0.0037188986370923
FGSG_09456,0,-0.0191835592351751,0,-0.813644911976215,1,-1.11767993302511
FGSG_09580,0,0.581920205638252,0,0.449977036707609,0,0.130598160558156
FGSG_09613,0,-0.308245976334641,0,-0.0626608717954704,0,-0.622234753051317
FGSG_09786,0,-0.353538119219456,0,-0.346950283572613,0,-0.660299771382819
FGSG_09826,0,0.127019589186265,1,-4.56544086837841,1,-4.25783199508287
FGSG_09834,0,-0.0428603152072368,1,-1.67030040326565,1,-2.13817068288595
FGSG_09844,0,-0.117328052188747,0,-0.107244394048649,0,-0.196046155531534
FGSG_10030,0,0.280366008163997,0,-0.294992333363159,0,-0.240054056220039
FGSG_10065,0,-0.0431331928918515,0,0.2767067507022,0,0.325345218535649
FGSG_10206,1,-1.6883388715571,0,-0.268153524237433,1,1.24907856046584
FGSG_10328,0,0.0716080564239792,0,0.188679413593393,0,0.46467388325965
FGSG_10347,0,0.107305951324174,1,-1.05549873336533,1,-1.19912876121475
FGSG_10397,0,-0.657360872467888,0,-0.426035859062981,0,0.0062076069170446
FGSG_10444,1,1.56159003340822,1,-2.15072036635023,1,-1.43607405729813
FGSG_10445,0,-0.0147258617000469,0,-0.0978364330286365,0,-0.0791556627644234
FGSG_10446,0,-0.0514193156988181,0,0.22466413737015,0,0.744161940026364
FGSG_10458,0,,0,,0,
FGSG_10459,0,0.0919160323963107,0,0.102431969982412,0,0.283964649044765
FGSG_10460,0,,0,,0,
FGSG_10461,0,0.0198688321442192,0,0.0047734008182147,0,0.06586769146297
FGSG_10462,0,-0.0189299780988083,0,-0.0346373408087654,0,-0.0463024769848597
FGSG_10463,0,,0,,0,
FGSG_10464,0,0.0010900566271569,0,-0.0368027044227559,0,-0.123592994564896
FGSG_10563,0,-0.0494225262391881,0,-0.140963459761971,0,0.0011373652178192
FGSG_10670,0,-0.305158433713187,1,1.08344704512369,1,1.35663737347638
FGSG_10712,0,-0.0197571013975828,0,-0.0898859634694291,0,0.0207401400458652
FGSG_10784,1,-1.03230080078815,1,-2.36874168487659,1,-2.44593703752147
FGSG_10885,0,-0.0282948994961949,0,0.254615035204923,0,0.0056322331513352
FGSG_10922,1,1.49680826681286,1,-1.45256041660237,1,-1.41369876552281
FGSG_10947,0,0.105649473909399,0,-0.596924739542453,0,-0.655115711828409
FGSG_10985,0,0.0281748473645497,0,0.186876735469597,0,0.322629165233598
FGSG_11046,0,0.191711823072996,0,-0.322697988700454,0,-0.338504067584584
FGSG_11184,0,-0.130750062387736,1,2.41559659419212,1,1.81741599167053
FGSG_11191,0,-0.636313441531476,0,-0.166420263494996,0,0.177247875252038
FGSG_11206,0,0.0895157551723572,0,-0.143078128702142,0,-0.674965182651979
FGSG_11326,0,-0.655352449490999,1,1.86340185291139,1,2.05496066500552
FGSG_11350,0,0.0156956436461703,0,-0.670498634585884,0,0.0048531011775767
FGSG_11485,0,0.0166388746903889,0,0.0292053046413,0,-0.0074624409721074
FGSG_11487,0,-0.0168117976478403,1,3.1962895560702,1,1.46321418559411
FGSG_11548,0,0.001889978022092,0,0.0032483904214404,0,0.0585901257416919
FGSG_11657,0,-0.113008192352486,1,-2.63607703523908,1,-1.10887559272816
FGSG_11658,0,-0.149739345509834,0,-0.774216844109586,0,-0.493294803988286
FGSG_11659,0,0.0418323915704797,1,-1.09979266493846,0,0.118829034832541
FGSG_11660,0,0.215793942060444,0,-0.801076286989596,0,0.443530622692404
FGSG_12040,0,0.381668634751931,0,0.0052780744882542,0,-0.51622998739122
FGSG_12126,0,0.0018851734208218,0,0.0031990846097635,0,0.0578494547354942
FGSG_12127,0,,0,,0,
FGSG_12180,0,0.584581079488396,1,-1.18601845004199,1,-1.29078180880902
FGSG_12207,1,-1.75080993322173,1,-1.17968679698747,0,-0.352152010661164
FGSG_12211,1,-1.05701369651213,0,0.447845654453313,1,1.20656542484773
FGSG_12222,0,0.0382622352052107,0,-0.387927417251231,1,-2.72049901213074
FGSG_12223,0,0.118146004153277,1,-1.22497096657049,1,-1.91126294081168
FGSG_12857,0,-0.470373231591409,0,0.14841741700737,0,-0.0978762184564369
FGSG_12927,0,-0.435602290826277,1,-2.7457986244011,1,-1.49005804998887
FGSG_13136,0,0.366946666680564,0,-0.5282484998667,1,-1.2807232744787
FGSG_13188,0,0.108482093563086,0,0.0728536184787133,0,-0.306768840279463
FGSG_13219,0,-0.304538389539107,0,0.251124798068544,0,0.130197518485568
FGSG_13240,0,0.0158885032509949,0,0.0989535799729066,0,0.419819334882319
FGSG_13823,0,-0.521107724317323,0,-0.235761538435849,0,0.067652268252875
FGSG_13946,1,-1.03012281163938,0,-0.245930750748789,0,-0.603683766965198
FGSG_13952,1,-2.20008563598406,1,2.34425615795801,1,2.05363084490806
FGSG_14010,0,0.0017983680127086,0,0.0030979498926141,0,0.0490080316998113
